case,method,budget,n_seeds,target_params,matched_within_tol,total_params_mean,total_params_std,best_l2_mean,best_l2_std,final_l2_mean,final_l2_std,wall_clock_train_sec_mean,wall_clock_train_sec_std,ms_per_100_epoch_mean,ms_per_100_epoch_std,peak_gpu_mem_mb_mean,peak_gpu_mem_mb_std,inference_time_ms_mean,inference_time_ms_std,n_collocation_mean,n_collocation_std,best_l2_min
case1,FourierPINN,matched,3,3730,True,3847.0,0.0,0.0019285910577276054,0.00016719670207189825,0.004907152054442667,0.002992678261592838,14.599123557408651,0.09437765793929517,145.99123557408652,0.9437765793929518,200.468992,0.0,nan,nan,10000.0,0.0,0.0016949418466302194
case1,FourierPINN,rich,3,,,66177.0,0.0,0.0011789998782675223,0.00014856254325814995,0.013851378935209338,0.01332714101745695,24.883832772572834,0.31522487178460606,248.83832772572836,3.15224871784606,270.515712,0.0,nan,nan,10000.0,0.0,0.001064535243731249
case1,PINN,matched,3,3730,True,3707.0,0.0,0.8281582401715927,0.12464862990483783,0.8281582401715927,0.12464862990483783,14.887087424596151,0.22692338642174237,148.87087424596152,2.2692338642174135,89.53216000000002,1.4210854715202004e-14,nan,nan,10000.0,0.0,0.7055867351090931
case1,PINN,rich,3,,,50049.0,0.0,0.516304671430443,0.039478930770357905,0.5179891451765828,0.03939535462094889,21.83739725748698,0.1475022748756183,218.37397257486978,1.4750227487561687,269.731072,0.0,nan,nan,10000.0,0.0,0.46987657417811535
case1,SIREN,matched,3,3730,True,3693.0,0.0,0.0029458281669490043,1.828141665930018e-05,0.015006990588690115,0.005286462563844856,14.857667764027914,0.30553547031162354,148.57667764027914,3.0553547031162354,200.459008,0.0,nan,nan,10000.0,0.0,0.002924144646160749
case1,SIREN,rich,3,,,82689.0,0.0,0.001803096450024952,5.877321035259503e-05,0.01852509983042033,0.010479688041233432,29.05215326944987,0.1174339155633235,290.5215326944987,1.174339155633235,270.84672,0.0,nan,nan,10000.0,0.0,0.0017324311218635516
case1,SPINN,matched,3,3730,True,5424.0,0.0,0.2095112707112131,0.07256161511475526,0.20964845814641095,0.07274959285148629,22.373641570409138,0.35611494079326594,223.7364157040914,3.561149407932659,134.385408,0.0,nan,nan,10000.0,0.0,0.1377816773360097
case1,SPINN,rich,3,,,82816.0,0.0,0.5469871078886176,0.09156079940179782,0.5469871078886176,0.09156079940179782,32.48353759447733,0.25400955500712596,324.8353759447734,2.540095550071284,139.824896,0.0,nan,nan,10000.0,0.0,0.47057719590795305
case1,SVSNN,best,3,,,3730.0,0.0,0.000552756734264974,0.00018017164206128488,0.0015415382995398862,0.0005347531639777904,32.67730601628622,0.4179089578083475,326.7730601628621,4.179089578083475,88.36992,0.0,nan,nan,10000.0,0.0,0.0003657986810672497
case2,ClassicalSpectral,reference,1,,,4096.0,0.0,4.363523524073456e-14,0.0,4.363523524073456e-14,0.0,0.004014253616333008,0.0,401.4253616333008,0.0,0.879104,0.0,4.014253616333008,0.0,65536.0,0.0,4.363523524073456e-14
case2,FourierPINN,matched,3,1170,True,1201.0,0.0,0.8638749166083534,0.06244630099812277,3.5573736340014324,0.28762647154584947,5.96768840154012,0.24915767754970053,59.688821779757156,2.4920751905351057,259.815168,0.0,1.9946575164794922,0.2751114666865267,10000.0,0.0,0.7756889159548642
case2,FourierPINN,rich,3,,,66177.0,0.0,0.33134880842287123,0.023193703738328582,0.33257298121260187,0.023052795874353178,17.046585003534954,0.40832522693321266,170.4999500253546,4.084069083148762,330.5017173333333,7.9088554686876344,2.8954346974690757,0.27754856757794283,10000.0,0.0,0.29859725656650293
case2,PINN,matched,3,1170,True,1217.0,0.0,0.9921718214210508,0.011493255205075532,0.9944625357292841,0.013214114488958723,5.790799776713054,0.09253197126229676,57.91958168346722,0.92550481358568,134.982144,0.0,0.7299900054931641,0.10546337083970254,10000.0,0.0,0.9759186211675056
case2,PINN,rich,3,,,50049.0,0.0,0.9904391003063314,0.005838771099333698,1.0587559488837428,0.010302854250990414,19.675859928131104,0.08183170272439201,196.79795887308566,0.8184807233885886,271.05408,0.0,1.2276490529378254,0.10576247512046091,10000.0,0.0,0.9838071914780646
case2,SIREN,matched,3,1170,True,1221.0,0.0,0.5490664421456023,0.3185923273856678,0.5620156428225579,0.31469914730303383,8.288807074228922,0.22076990452561657,82.90465167262376,2.208140673390847,289.175296,0.0,2.333545684814453,0.38106114291772236,10000.0,0.0,0.22110950422179
case2,SIREN,rich,3,,,82689.0,0.0,0.8736855938575979,0.007443859281146813,0.8736855938575979,0.007443859281146813,26.084179719289143,0.20361599999381705,260.8939759880891,2.0365673134008544,341.748224,0.0,3.155247370402018,0.18773152833252152,10000.0,0.0,0.8669421412422665
case2,SPINN,matched,3,1170,True,1164.0,0.0,0.10433830566608494,0.06071512432198264,0.10433830566608494,0.06071512432198264,11.017249345779419,0.2102836902399183,110.19453236426703,2.103257553909968,72.598016,0.0,2.8011957804361978,0.7156606858596644,10000.0,0.0,0.03864300450229669
case2,SPINN,rich,3,,,91136.0,0.0,0.4683193224759459,0.03734619680883436,0.4683193224759459,0.03734619680883436,16.823987404505413,0.3311385342037984,168.27352875080427,3.3120477515883104,140.503296,0.0,4.306983947753906,0.12123454323601271,10000.0,0.0,0.4285505526461247
case2,SVSNN,best,3,,,1170.0,0.0,0.009164175185117286,0.0010016312535230535,0.009258283258658113,0.0011168542391029007,11.308246771494547,0.31558750411696335,113.10508873269201,3.1565063424381266,89.075712,0.0,13.889877001444498,0.49331230868311665,10000.0,0.0,0.007914811534023762
case3,FourierPINN,matched,3,1171,True,1201.0,0.0,0.4961805542310079,0.06460290297711282,1.3830978373686473,0.7115195239617906,13.363849401473999,0.05475218201127684,133.63849401474,0.5475218201127684,289.469696,0.0,nan,nan,10000.0,0.0,0.40567684173583984
case3,FourierPINN,rich,3,,,66177.0,0.0,0.14049893617630005,0.002436320878969888,0.1475751449664434,0.003332117004751348,31.586462418238323,0.1608564696531829,315.86462418238324,1.6085646965318292,341.8304,0.0,nan,nan,10000.0,0.0,0.13730084896087646
case3,PINN,matched,3,1171,True,1217.0,0.0,0.46214279532432556,0.08739233277749608,0.46214279532432556,0.08739233277749608,13.923521995544434,0.31319196205053,139.23521995544434,3.1319196205053,135.20512,0.0,nan,nan,10000.0,0.0,0.34115883708000183
case3,PINN,rich,3,,,50049.0,0.0,0.2245867003997167,0.017666133473564924,0.2289531578620275,0.013061849667449065,27.94688606262207,0.2032992796302559,279.4688606262207,2.032992796302559,271.02336,0.0,nan,nan,10000.0,0.0,0.2023337483406067
case3,SIREN,matched,3,1171,True,1221.0,0.0,0.9424936374028524,0.047850147938723595,3.4310571352640786,1.2508313859722013,14.532770236333212,0.11146604083627173,145.32770236333212,1.1146604083627174,289.470976,0.0,nan,nan,10000.0,0.0,0.8750354051589966
case3,SIREN,rich,3,,,82689.0,0.0,0.12446898967027664,0.0056626179264158,0.219142884016037,0.06108182481864786,37.08990629514059,0.12629338440976243,370.8990629514058,1.2629338440976243,336.2379946666667,7.9088554686876344,nan,nan,10000.0,0.0,0.1164657399058342
case3,SPINN,matched,3,1171,True,1186.0,0.0,0.010512719241281351,0.001617708756823906,0.015072403475642204,0.005731143328842299,17.281542619069416,0.08387011435754266,172.81542619069418,0.8387011435754265,89.191424,0.0,nan,nan,10000.0,0.0,0.008379039354622364
case3,SPINN,rich,3,,,49920.0,0.0,0.013985342346131802,0.0020121688301139966,0.18342602625489235,0.11524359240491394,27.29387402534485,0.17252182152035508,272.9387402534485,1.725218215203551,157.001728,0.0,nan,nan,10000.0,0.0,0.011394782923161983
case3,SVSNN,best,3,,,1171.0,0.0,0.0019859441478426256,8.251101435154869e-05,0.0026504622461895147,0.0010078229435995314,17.447210629781086,0.38480147949825555,174.47210629781088,3.848014794982556,89.214464,0.0,nan,nan,10000.0,0.0,0.0019144248217344284
case4,FourierPINN,matched,3,1612,True,1479.0,0.0,0.009846911738619506,0.003971463698921709,0.010610541148365798,0.0034123734617280185,13.179339249928793,0.12625411916847484,131.79339249928793,1.2625411916847487,200.429312,0.0,nan,nan,10000.0,0.0,0.0065715161404790445
case4,FourierPINN,rich,3,,,66177.0,0.0,0.2966450754122601,0.07383830502081958,0.33727734189044756,0.09035242444387406,25.294782479604084,0.16497203597232793,252.94782479604086,1.649720359723288,270.515712,0.0,nan,nan,10000.0,0.0,0.20600122525675235
case4,PINN,matched,3,1612,True,1607.0,0.0,0.9996078857180689,0.013558595094374837,1.2713174585776537,0.16102987810692057,13.217393239339193,0.14358364301256227,132.17393239339194,1.4358364301256228,134.331648,0.0,nan,nan,10000.0,0.0,0.980746050513907
case4,PINN,rich,3,,,50049.0,0.0,1.0024452969404711,0.012012682333047715,1.3931248892046995,0.07633391400406121,21.699175119400024,0.29394964795490813,216.99175119400024,2.939496479549068,269.731072,0.0,nan,nan,10000.0,0.0,0.9863490341214363
case4,SIREN,matched,3,1612,True,1509.0,0.0,0.006171987526468684,0.0019576929504542344,0.008332717496220417,0.003773519785422576,14.32563885052999,0.2552325568591414,143.2563885052999,2.552325568591414,200.43059200000002,2.842170943040401e-14,nan,nan,10000.0,0.0,0.0040475485432488675
case4,SIREN,rich,3,,,82689.0,0.0,0.24064345663565642,0.03696158381773256,0.24064345663565642,0.03696158381773256,28.639793316523235,0.4306778188030331,286.39793316523236,4.30677818803033,270.84672,0.0,nan,nan,10000.0,0.0,0.19010872539067672
case4,SPINN,matched,3,1612,True,3308.0,0.0,0.38796281682037254,0.2573843707033785,0.38953591058166964,0.2575138582016554,24.252267360687256,0.2736903604245307,242.52267360687256,2.7369036042453048,100.83968,0.0,nan,nan,10000.0,0.0,0.06784276758236293
case4,SPINN,rich,3,,,82816.0,0.0,1.1644481948041567,0.09340278927930441,1.2731726834577848,0.17624714818918152,32.32336322466532,0.21345816504938842,323.23363224665326,2.1345816504938844,139.824896,0.0,nan,nan,10000.0,0.0,1.0430376056272457
case4,SVSNN,best,3,,,1612.0,0.0,0.0031784668226278543,0.0011861873052138902,0.0033071203593806366,0.001106926919717928,19.55068349838257,0.30787930755858056,195.50683498382568,3.0787930755858057,88.29824,0.0,nan,nan,10000.0,0.0,0.0018465350603308207
case5,FourierPINN,matched,3,2322,True,2337.0,0.0,0.8347225447041443,0.1542853146063416,1.7537943481363614,0.804679589221591,6.330886602401733,0.2976964401068468,63.321530330083355,2.9775599130510795,261.97376,0.0,2.1566947301228843,0.8422010649466394,10000.0,0.0,0.6205232817586765
case5,FourierPINN,rich,3,,,66177.0,0.0,0.35522242080786226,0.07916248136575987,0.35718165526249795,0.07773204535845867,17.12265419960022,0.034361372490500516,171.26079415483318,0.3436824613972884,324.999424,0.0,3.073390324910482,0.11166371306520718,10000.0,0.0,0.29307464893800167
case5,PINN,matched,3,2322,True,2377.0,0.0,0.9854954013993765,0.010752865060311203,1.0164473668754967,0.02182021415405954,6.53647796312968,0.05016669327878848,65.37785520233727,0.5017672862451262,151.854592,0.0,0.8370796839396158,0.010536273042072905,10000.0,0.0,0.9749701211052548
case5,PINN,rich,3,,,50049.0,0.0,0.9921788146723394,0.011031171271215579,1.0059363530815664,0.01813077949240463,19.158677101135254,0.09054322680285808,191.62509603055867,0.9056133907067208,271.019264,0.0,1.3375441233317058,0.08735222128343725,10000.0,0.0,0.9765820925337354
case5,SIREN,matched,3,2322,True,2409.0,0.0,0.22931895266027835,0.08723869732460472,0.30262934452822704,0.13385112758254367,8.099812269210815,0.04595481628408384,81.01432555721959,0.45964009085901275,288.79744,0.0,1.7745256423950195,0.3420615231596444,10000.0,0.0,0.10708221243947222
case5,SIREN,rich,3,,,82689.0,0.0,0.8494641364908503,0.030162155679949343,0.8494641364908503,0.030162155679949343,25.790180762608845,0.08386447792210848,257.9533983057496,0.8388125417294202,324.936192,0.0,2.9994567235310874,0.17956036365569322,10000.0,0.0,0.8232389757928427
case5,SPINN,matched,3,2322,True,2316.0,0.0,0.03502831594694316,0.00359582367029755,0.03502831594694316,0.00359582367029755,9.662538131078085,0.4292408207989688,96.64471025283139,4.293266861361962,84.658176,0.0,2.006689707438151,0.3550428554275843,10000.0,0.0,0.0320027600360877
case5,SPINN,rich,3,,,91136.0,0.0,0.4861213030096569,0.029694261949640408,0.4861213030096569,0.029694261949640408,18.192737181981403,0.5043847299415907,181.96376457272856,5.044856270670054,140.488192,0.0,3.6868969599405923,0.5499303023029318,10000.0,0.0,0.4502734217320746
case5,SVSNN,best,3,,,2322.0,0.0,0.011464428393927402,0.004332052787687281,0.012934095881838305,0.0062825069878019,11.314778010050455,0.4703357250095571,113.17041418334122,4.704298109717505,118.783232,0.020636204302145397,13.44141960144043,1.5822946427041,10000.0,0.0,0.006664528586390781
case6,ClassicalSpectral,reference,1,,,4096.0,0.0,1.3111887164815314e-13,0.0,1.3111887164815314e-13,0.0,0.004056215286254883,0.0,405.6215286254883,0.0,0.879104,0.0,4.056215286254883,0.0,65536.0,0.0,1.3111887164815314e-13
case6,FourierPINN,matched,3,3096,True,3231.0,0.0,0.48178714378036847,0.09170236110551068,0.48580591265945,0.09511019549944873,6.183371384938558,0.2587193010526876,61.846083065998776,2.5877105526374042,263.51872,0.0,1.4678955078125,0.17426320081258978,10000.0,0.0,0.4057513314233944
case6,FourierPINN,rich,3,,,66177.0,0.0,0.8968007665930363,0.060512944635379276,0.8968509455433762,0.060479775236939946,17.158329725265503,0.06775562723002376,171.6176207768104,0.6776918106623665,330.5017173333333,7.908855468687634,3.045964241027832,0.2889769033453019,10000.0,0.0,0.819838741727352
case6,PINN,matched,3,3096,True,3101.0,0.0,1.0002378598515347,4.721723343565161e-05,1.0093075974082062,0.005106700949609845,6.916338284810384,0.10963610114774117,69.17721829176219,1.096580327542921,151.785984,0.0,0.9403069814046224,0.19473147840639987,10000.0,0.0,1.00020168032646
case6,PINN,rich,3,,,50049.0,0.0,1.0002175774171154,4.3032934629251824e-05,1.0189952752869313,0.012038892843773753,19.77289366722107,0.07282577615370589,197.76849037028475,0.7284034422254978,271.05408,0.0,1.3718207677205403,0.15028943830992708,10000.0,0.0,1.0001629274024677
case6,SIREN,matched,3,3096,True,3039.0,0.0,0.41450118510496825,0.3962160168109643,0.47410542790812976,0.38212336359759347,9.075647354125977,0.04160412308312498,90.77462846695316,0.4161244557223968,289.199872,0.0,1.8585920333862305,0.3712675319060376,10000.0,0.0,0.04632114146853638
case6,SIREN,rich,3,,,82689.0,0.0,0.998559467779064,0.008386007239516222,0.998559467779064,0.008386007239516222,25.917539834976196,0.21323539613423115,259.22724379852167,2.132780517445801,336.1558186666666,7.908855468687634,3.177316983540853,0.2648006595896004,10000.0,0.0,0.9873680555517331
case6,SPINN,matched,3,3096,True,3116.0,0.0,0.6235798167147416,0.14373616659727995,0.6442703203909974,0.13727883038501767,10.039645671844482,0.10703771488860918,100.41654002645011,1.0705912671395252,72.785664,0.0,1.870274543762207,0.15735967709467558,10000.0,0.0,0.47118970307710195
case6,SPINN,rich,3,,,91136.0,0.0,1.4458216899788692,0.060871299368024094,1.4458216899788692,0.060871299368024094,16.471863905588787,0.09208025194468897,164.7515893737626,0.9209867167902477,140.503296,0.0,3.370960553487142,0.1435853735848401,10000.0,0.0,1.388828961082144
case6,SVSNN,best,3,,,3096.0,0.0,0.00907870668731036,0.004383017897665254,0.00915994826981753,0.004268936210284435,13.415573279062906,0.23995913524551685,134.18256930448993,2.4000713667285214,118.77119999999998,1.4210854715202004e-14,16.027275721232098,0.332661239262669,10000.0,0.0,0.002922807932232778
case7,FourierPINN,matched,3,1944,True,2047.0,0.0,0.36236628076129246,0.2841325384177224,0.3630812790574994,0.2834043567891482,8.132860978444418,0.05497636245310765,81.34487876019621,0.5498735992509327,261.405952,0.0,2.0714600880940757,0.027523146055840726,20000.0,0.0,0.07265063531665092
case7,FourierPINN,rich,3,,,66177.0,0.0,0.18226799151401654,0.08748816924393303,0.1836354094309548,0.08623647529690662,32.485992987950645,0.025035496991208352,324.92491486247894,0.250405050922266,354.957056,0.0,3.6751349767049155,0.24357605666556714,20000.0,0.0,0.09836056822993966
case7,PINN,matched,3,1944,True,1897.0,0.0,1.4935540290855014,0.22536173501600126,7.297411124883626,2.326427789993723,5.497284968694051,0.02981321413414515,54.98384645623175,0.29819177969739086,135.356928,0.0,0.7132371266682943,0.024429566684897236,20000.0,0.0,1.1992230514689974
case7,PINN,rich,3,,,50049.0,0.0,1.9208972459197253,0.7567228158345817,7.338722935813354,4.15195868831063,36.00773477554321,0.1264604594299813,360.1493776309583,1.2648575658129817,375.3344,0.0,1.5401283899943035,0.06397797598083187,20000.0,0.0,1.3556911663419418
case7,SIREN,matched,3,1944,True,1803.0,0.0,0.27101547807222887,0.08832800488336283,0.282458648674697,0.07618804975967274,12.874546130498251,0.05102666631352475,128.77121554809216,0.5103687368826305,608.994304,0.0,2.5605201721191406,0.029496897626406317,20000.0,0.0,0.15035475201030402
case7,SIREN,rich,3,,,82689.0,0.0,0.19948788441374388,0.02505360849167813,0.19948788441374388,0.02505360849167813,50.225316206614174,0.349102476018945,502.35363279270035,3.4917231048104473,586.828544,0.0,3.5770336786905923,0.19913213888356343,20000.0,0.0,0.16879845675788122
case7,SPINN,matched,3,1944,True,1944.0,0.0,0.12325866025123873,0.03405053892871391,0.12325866025123873,0.03405053892871391,10.296636581420898,0.1706962661010107,102.98696320685036,1.7073041218344744,72.75392,0.0,1.8959363301595051,0.19535060128209347,10000.0,0.0,0.07535462180478705
case7,SPINN,rich,3,,,91136.0,0.0,0.6929161337812739,0.034172510285690974,0.6929161337812739,0.034172510285690974,17.46082615852356,0.1912199893211762,174.64319022328027,1.9125824096936932,142.899712,0.0,3.857755661010742,0.16937868115990704,10000.0,0.0,0.6476030904962693
case7,SVSNN,best,3,,,1944.0,0.0,0.0301553479330135,0.003458523689770893,0.0301553479330135,0.003458523689770893,14.093863328297934,0.23365978288381728,140.966826648309,2.3370652418865565,72.421888,0.0,16.785089174906414,0.8182546731015901,10000.0,0.0,0.025382043435282796
case8,FourierPINN,matched,3,2688,True,2607.0,0.0,0.3931925697749538,0.06309380026659676,0.6669123146774645,0.17858022080121203,18.157277186711628,0.19086454558565696,181.5727718671163,1.9086454558565698,269.89952,0.0,nan,nan,5000.0,0.0,0.33705569520938655
case8,FourierPINN,rich,3,,,82883.0,0.0,0.16531664451415254,0.010038951026552518,0.1703244089312008,0.013527916512277015,35.18075720469157,0.25309345974853303,351.8075720469157,2.53093459748533,328.389376,0.0,nan,nan,5000.0,0.0,0.15764281362644647
case8,PINN,matched,3,2688,True,2635.0,0.0,0.650613653687786,0.08159538164252136,0.650613653687786,0.08159538164252136,19.39313515027364,0.055765333924728246,193.93135150273642,0.5576533392472824,91.84384,0.0,nan,nan,5000.0,0.0,0.5374607662242376
case8,PINN,rich,3,,,50435.0,0.0,0.2396267649723729,0.03815618753474256,0.24002710974791186,0.03869243880394106,31.419289509455364,0.3007352470178837,314.19289509455365,3.007352470178837,273.03842133333336,0.0012067955732061508,nan,nan,5000.0,0.0,0.19899687401501354
case8,SIREN,matched,3,2688,True,2649.0,0.0,0.38068548530401203,0.12905949989824306,0.5298648148135339,0.21444776507031074,23.670442660649616,0.06809833906767909,236.70442660649618,0.6809833906767989,337.010432,0.0,nan,nan,5000.0,0.0,0.22098263462430653
case8,SIREN,rich,3,,,99395.0,0.0,0.16849801315540944,0.009957083319157711,0.18054535173102293,0.018889057458193,45.74245095252991,0.12085779075763228,457.4245095252991,1.2085779075763,399.936,0.0,nan,nan,5000.0,0.0,0.154671242619272
case8,SPINN,matched,3,2688,False,6096.0,0.0,0.22421570356057582,0.09947676278848204,0.23008375775118248,0.0996893576892867,67.65381280581157,0.5159247880264387,676.5381280581156,5.159247880264387,101.71110400000002,1.4210854715202004e-14,nan,nan,125000.0,0.0,0.13037439605717524
case8,SPINN,rich,3,,,136896.0,0.0,0.3109899242599223,0.032871823377971704,0.7040789826863039,0.013264272749492616,82.22192827860515,0.8943006996340002,822.2192827860514,8.94300699634,136.844544,0.0,nan,nan,125000.0,0.0,0.2671173225368024
case8,SVSNN,best,3,,,2688.0,0.0,0.009604673123698275,0.008665603131145382,0.01186711248615308,0.010018800008827062,33.610771894454956,0.9416826234830916,336.10771894454956,9.416826234830916,322.341376,0.0,nan,nan,125000.0,0.0,0.0013496064599291082
case9,FourierPINN,matched,3,407,True,395.0,0.0,1.0431487460931141,0.04019561370819616,1.1788119077682495,0.03232024252325944,16.14690963427226,0.901678863288691,107.64606422848173,6.011192421924609,150.52040533333334,48.7708328985302,nan,nan,5000.0,0.0,0.9990619719028473
case9,FourierPINN,rich,3,,,66435.0,0.0,0.008374895822877685,0.0002916879028443402,0.008696113092203936,0.00021237139069254281,91.59016489982605,1.1187615817832366,610.6010993321736,7.458410545221555,556.026624,6.662109268482045,nan,nan,5000.0,0.0,0.008050700416788459
case9,PINN,matched,3,407,True,393.0,0.0,0.031788233357171215,0.005934019617860665,0.04399340289334456,0.017037930356185477,22.597344716389973,0.36333058511710015,150.64896477593314,2.422203900780667,82.80473599999999,2.057646816014837,nan,nan,5000.0,0.0,0.02368611004203558
case9,PINN,rich,3,,,50307.0,0.0,0.010094448380793134,0.0008382641229241108,0.01699800541003545,0.0006408358927179733,80.3363851706187,0.313679382303983,535.575901137458,2.0911958820266006,598.5303893333333,18.54950998593748,nan,nan,5000.0,0.0,0.009039472555741668
case9,SIREN,matched,3,407,True,397.0,0.0,0.9186742206414541,0.019086015433526997,0.9840106964111328,0.06888831335557796,18.086515347162884,0.2047257338800197,120.57676898108589,1.3648382258667935,88.22357333333332,0.0004827182292904992,nan,nan,5000.0,0.0,0.9021978974342346
case9,SIREN,rich,3,,,82947.0,0.0,0.008092627782995502,0.0005684792553852883,0.00857134535908699,0.00011740066452661887,104.76324105262756,0.5143244923760025,698.4216070175171,3.428829949173381,559.7067946666666,0.7514220664124279,nan,nan,5000.0,0.0,0.007298666052520275
case9,SPINN,matched,3,407,True,427.0,0.0,1.0000591675440471,3.068670075605466e-05,1.0010903875033061,0.0014730262722547499,25.387359937032063,0.7258557467175732,169.2490662468804,4.839038311450497,82.75063466666667,0.01107888289595,nan,nan,5000.0,0.0,1.000019371509552
case9,SPINN,rich,3,,,50307.0,0.0,1.0010863542556763,7.71809188669029e-05,1.3821356296539307,0.22666015751609583,66.4902130762736,0.5435673502927266,443.2680871751573,3.623782335284856,373.1584,6.698685116034044,nan,nan,5000.0,0.0,1.0009832382202148
case9,SVSNN,best,3,,,407.0,0.0,0.0003399946144782007,2.203287584726323e-05,0.0005219868423106769,5.464262961960897e-06,19.286720275878906,0.3151922201384317,128.57813517252606,2.101281467589554,88.655616,0.0,nan,nan,5000.0,0.0,0.0003093715786235407
